Key,File,Type,UsedInMainMenu,NoTranslate,KeepLoaded,english
hsliftOutsidePanel,blocks,Block,,,,"Elevator Outside Button Panel"
hsliftOutsidePanelHalfBlock,blocks,Block,,,,"Elevator Outside Button Panel (Half Block)"
hsliftOutsidePanelTenthBlock,blocks,Block,,,,"Elevator Outside Button Panel (Tenth Block)"
hsliftOutsidePanelDesc,blocks,Block,,,,"Place one beside the lift on each floor (at least two floors). Wire any one of them to a generator or battery bank to power the whole lift. Hold the Elevator Setup Tool, aim at the panel, hold E, and choose Register Panel. Cabin walls are plates (they ride). Sheets around the panel are pass-through."
hsliftInsidePanel,blocks,Block,,,,"Elevator Inside Button Panel"
hsliftInsidePanelHalfBlock,blocks,Block,,,,"Elevator Inside Button Panel (Half Block)"
hsliftInsidePanelPlateOffset,blocks,Block,,,,"Elevator Inside Button Panel (Plate Offset)"
hsliftInsidePanelDesc,blocks,Block,,,,"Build it into the lift car or onto the vehicle pad. It rides with the car and needs no wires. Do not register it. Hold E and pick a floor — a tap of E does not send the car. Cabin walls are plates. Sheets around the panel stay at the landing."
hsliftCall,UI,Text,,,,"Call Lift"
hsliftUnregistered,UI,Text,,,,"Not part of any lift. Wire and register this panel on this shaft — other lifts cannot power it."
hsliftNoPower,UI,Text,,,,"Lift has no power"
hsliftNotReady,UI,Text,,,,"Lift not ready: {0}"
hsliftBusy,UI,Text,,,,"Lift is moving"
hsliftDoorOpen,UI,Text,,,,"Open"
hsliftDoorClose,UI,Text,,,,"Close"
hsliftDoorNoLanding,UI,Text,,,,"Locked: no floor outside this door"
hsliftDoorBlocked,UI,Text,,,,"Can't close the lift doors: something is in the way."
hsliftChooseFloor,UI,Text,,,,"Hold E to select a floor"
blockcommand_hsliftChooseFloor,UI,Text,,,,"Hold E to select a floor"
hsliftGoTo,UI,Text,,,,"Go to {0}"
hsliftCalled,UI,Text,,,,"Lift called, please wait"
blockcommand_hsliftCall,UI,Text,,,,"Call Lift"
hsliftTool,items,Item,,,,"Elevator Setup Tool"
hsliftToolDesc,items,Item,,,,"Hold it, aim at a placed block (not dirt), and hold E. New Ped or New Vehicle lift, set corners, add floors, register OUTSIDE panels. Craft the Elevator Handbook (1 paper) and use it. A printable PDF copy is Handbook.html in the HS_Lift mod folder."
hsliftToolHint,UI,Text,,,,"Hold E: lift setup"
hsliftRadialPed,UI,Text,,,,"New Ped Lift"
hsliftRadialVehicle,UI,Text,,,,"New Vehicle Lift"
hsliftRadialUse,UI,Text,,,,"Use Lift Here"
hsliftRadialCorner1,UI,Text,,,,"Set Corner 1"
hsliftRadialCorner2,UI,Text,,,,"Set Corner 2"
hsliftRadialFloor,UI,Text,,,,"Add Floor"
hsliftRadialGround,UI,Text,,,,"Set Ground"
hsliftRadialPanel,UI,Text,,,,"Register Panel"
hsliftRadialFinished,UI,Text,,,,"Finished editing"
hsliftRadialFinishedDone,UI,Text,,,,"Finished editing."
hsliftRadialExclude,UI,Text,,,,"Exclude landing"
hsliftHandbook,items,Item,,,,"Elevator Handbook"
hsliftHandbookDesc,items,Item,,,,"Use to read how to build passenger and vehicle lifts. Not used up. Same guide: Journal → Challenges → HS Lift. Printable PDF: open Handbook.html in the Mods/HS_Lift folder."
hsliftHandbookText,items,Item,,,,"YOU BUILD THE CAR. THE MOD ONLY MOVES IT. It will not break blocks to pass an obstruction. Restart the game after a new HSLift.dll.\nPrintable PDF: open Handbook.html in Mods/HS_Lift and click Download PDF.\n\nSETUP TOOL\nCraft Elevator Setup Tool. Hold it, aim at a placed block (wood through steel, not dirt), hold E.\nNew Ped Lift or New Vehicle Lift always starts a NEW lift.\nUse Lift Here if you have more than one.\nCorner 1 and Corner 2 = opposite corners. Ped: the whole cabin. Vehicle: the floor slab only, both corners the same height.\nAdd Floor: park the car at that landing first, then aim at the floor.\nSet Ground: aim at the real ground slab if you set corners with the cabin already on 1. That height becomes G. The car stays put.\nRegister Panel: OUTSIDE wall buttons only. Never the inside panel.\nExclude landing: doorway slab stays put.\nCorners name the car height G. Set Ground afterwards if that was not actually ground.\n\nPASSENGER LIFT\n3D cabin. Smallest interior 1 wide by 2 high. Need at least two shaft walls. Floor: any block. Walls and ceiling: plates and/or hatches.\nElevator doors at each landing. Cabin + landing doors on the same opening work as one set. A back set is optional and follows the others.\nLocked outside doors call the car.\nCabin doors stay shut if there is no walkable floor outside (a drop or a wall). Outside landing doors are not locked by that check.\nInside panel: HOLD E and pick a floor. A tap of E does not send the car.\nNo inside panel: hold E on the cabin door while standing in the car. Closing the door does not send the car.\nPlayers, vehicles, and loot in the cabin ride.\n\nVEHICLE LIFT\nPlatform only. One garage or roll-up per landing - they stay put.\nPad at this floor: E opens that door. Pad elsewhere: E calls it, then the door opens on arrival.\nInside panel sits on the pad and rides. Do not register it. Hold E to pick a floor.\nDo not build the pad out of Plate Double (pass-through). Use full cubes.\nTruck and anything on the pad ride.\n\nPLATES VS SHEETS\nWALLS AND CEILING = PLATES or hatches (they ride). Floor = any block.\nSHEETS, Plate Double, round ladders, and wall letters/numbers are pass-through: they stay at the landing. Use sheets around button panels.\nDo not build cabin walls out of sheets or only the floor will move.\n\nPOWER\nWire any ONE registered outside panel on that lift. Other shafts cannot power it. Unregistered panels do nothing.\n\nDOORS IN USE\nThe car will not leave while something is in the doorway. Pass-through blocks do not count as blocked.\nDoors auto-close after 20 seconds realtime if the opening is clear.\nWalk out while they are closing: they open again, then retry when you are clear.\n\nFLOOR LETTER\nPlace a vanilla wall letter or number (G works) within 3 blocks of each outside door (elevator door, or garage / roll-up on a vehicle). They change to the floor the car is on, including while it is passing."
txName_HSLiftSilver,painting,txGroupMetal,,,,"Elevator Silver"
txName_HSLiftFloor,painting,txGroupMetal,,,,"Lift Floor"
txName_HSLiftWall,painting,txGroupMetal,,,,"Lift Wall"
txName_HSLiftCeiling,painting,txGroupMetal,,,,"Lift Ceiling"
hsliftChallengeCategory,challenges,Challenge,,,,"HS Lift"
hsliftChallengeGroup,challenges,Challenge,,,,"Build a lift"
hsliftHintRead,challenges,Challenge,,,,"Craft the Elevator Handbook from 1 paper, then use it to read."
hsliftReadShort,challenges,Challenge,,,,"Read the Elevator Handbook"
hsliftReadDesc,challenges,Challenge,,,,"Hand-craft the Elevator Handbook from 1 paper and use it. It is not used up. It covers cabins, vehicle pads, the setup tool, doors, plates vs sheets, power, and door safety. Printable copy: Handbook.html in the HS_Lift mod folder (Download PDF)."
hsliftHintTool,challenges,Challenge,,,,"Workbench. Hold the tool, aim at a block, hold E."
hsliftToolShort,challenges,Challenge,,,,"Craft the Elevator Setup Tool"
hsliftHintOutsideCraft,challenges,Challenge,,,,"You need one outside panel per floor. At least two floors."
hsliftOutsideCraftShort,challenges,Challenge,,,,"Craft 2 outside button panels"
hsliftHintOutsidePlace,challenges,Challenge,,,,"Beside the shaft on each floor, then register them with the setup tool."
hsliftOutsidePlaceTitle,challenges,Challenge,,,,"Place outside button panels"
hsliftOutsidePlaceShort,challenges,Challenge,,,,"Place 2 outside button panels"
hsliftOutsidePlaceDesc,challenges,Challenge,,,,"Place one full-size outside panel at each floor, beside the shaft, not inside the car. Wire any one of them to a generator. Hold the setup tool, aim at each panel, hold E, Register Panel. Unregistered panels cannot take power from another lift."
hsliftHintInsideCraft,challenges,Challenge,,,,"Optional. Rides with the car. No wires."
hsliftInsideCraftShort,challenges,Challenge,,,,"Craft an inside button panel"
hsliftHintInsidePlace,challenges,Challenge,,,,"In the cabin, or on the vehicle pad. Do not register it."
hsliftInsidePlaceTitle,challenges,Challenge,,,,"Place the inside button panel"
hsliftInsidePlaceShort,challenges,Challenge,,,,"Place an inside button panel"
hsliftInsidePlaceDesc,challenges,Challenge,,,,"Passenger: build it into the car. Vehicle: sit it on the pad so it rides. Never Register Panel on it. Hold E and pick a floor. A tap of E does not send the car."
loadingTipHSLiftHandbook_title,UI,Menu Tip,,,,"HS Lift: Handbook"
loadingTipHSLiftHandbook,UI,Menu Tip,,,,"Craft the Elevator Handbook from 1 paper and use it. It is not used up. Same walkthrough: Journal → Challenges → HS Lift. Printable PDF: Handbook.html in the HS_Lift mod folder (Download PDF)."
loadingTipHSLiftSetup_title,UI,Menu Tip,,,,"HS Lift: Setup Tool"
loadingTipHSLiftSetup,UI,Menu Tip,,,,"Craft the Elevator Handbook from 1 paper, or open Journal → Challenges → HS Lift. Hold the Elevator Setup Tool, aim at wood or steel, hold E. New Ped or New Vehicle always starts a new lift."
loadingTipHSLiftCabin_title,UI,Menu Tip,,,,"HS Lift: Cabin Walls"
loadingTipHSLiftCabin,UI,Menu Tip,,,,"Passenger cabin: plates and hatches ride with the car. Floor can be any block. Smallest interior is 1 wide by 2 high. Sheets and Plate Double stay at the landing. Hold E on the inside panel to pick a floor — a tap does not send the car."
loadingTipHSLiftPower_title,UI,Menu Tip,,,,"HS Lift: Power"
loadingTipHSLiftPower,UI,Menu Tip,,,,"Wire any one registered outside button panel to a generator or battery. Other shafts cannot power this lift. Register outside panels only — never the inside panel."
loadingTipHSLiftVehicle_title,UI,Menu Tip,,,,"HS Lift: Vehicle Pad"
loadingTipHSLiftVehicle,UI,Menu Tip,,,,"Vehicle lifts are a floor only — no box. Garage and roll-up doors stay at the landing. The truck and anything on the pad ride with it."
